fldName,cmpLongName,fldCurrentActivitySatus,wlbName,wlbCompletionDate,fldMainArea,fldOwnerKind,fldOwnerName,fldMainSupplyBase,fldNpdidOwner,fldNpdidField,wlbNpdidWellbore,cmpNpdidCompany,fldFactPageUrl,fldFactMapUrl,fldDateUpdated,fldDateUpdatedMax,DatesyncNPD
ALBUSKJELL,ConocoPhillips Skandinavia AS,Shut down, 1/6-1,26.11.1972,North sea,PRODUCTION LICENSE,018,,20900,43437,239,2410696,http://factpages.npd.no/FactPages/default.aspx?nav1=field&nav2=PageView|All&nav3=43437,http://gis.npd.no/factmaps/html_21/?run=FieldByNPDID&NPDID=43437,28.04.2016,11.12.2018,20.02.2019
ALVE,Equinor Energy AS,Producing, 6507/3-1,26.10.1990,Norwegian sea,PRODUCTION LICENSE,159 B,Sandnessjøen,2819945,4444332,1533,32011216,http://factpages.npd.no/FactPages/default.aspx?nav1=field&nav2=PageView|All&nav3=4444332,http://gis.npd.no/factmaps/html_21/?run=FieldByNPDID&NPDID=4444332,18.05.2018,18.05.2018,20.02.2019
ALVHEIM,Aker BP ASA,Producing, 24/6-2,08.07.1998,North sea,PRODUCTION LICENSE,203,,22436,2845712,3397,28544099,http://factpages.npd.no/FactPages/default.aspx?nav1=field&nav2=PageView|All&nav3=2845712,http://gis.npd.no/factmaps/html_21/?run=FieldByNPDID&NPDID=2845712,06.10.2016,09.03.2018,20.02.2019
ATLA,Total E&P Norge AS,Producing, 25/5-7,23.10.2010,North sea,PRODUCTION LICENSE,102 C,,5467035,21106284,6423,2410708,http://factpages.npd.no/FactPages/default.aspx?nav1=field&nav2=PageView|All&nav3=21106284,http://gis.npd.no/factmaps/html_21/?run=FieldByNPDID&NPDID=21106284,28.04.2016,05.05.2018,20.02.2019
BALDER,Vår Energi AS,Producing, 25/11-1,09.07.1967,North sea,PRODUCTION LICENSE,001,Dusavik,20756,43562,143,33360957,http://factpages.npd.no/FactPages/default.aspx?nav1=field&nav2=PageView|All&nav3=43562,http://gis.npd.no/factmaps/html_21/?run=FieldByNPDID&NPDID=43562,11.12.2018,11.12.2018,20.02.2019
BAUGE,Equinor Energy AS,Approved for production, 6407/8-6,20.10.2013,Norwegian sea,PRODUCTION LICENSE,348,Kristiansund,2987047,29446221,7265,32011216,http://factpages.npd.no/FactPages/default.aspx?nav1=field&nav2=PageView|All&nav3=29446221,http://gis.npd.no/factmaps/html_21/?run=FieldByNPDID&NPDID=29446221,18.05.2018,11.12.2018,20.02.2019
BLANE,Repsol Norge AS,Producing, 1/2-1,04.06.1989,North sea,BUSINESS ARRANGEMENT AREA,BLANE UNIT,,3437667,3437650,1382,27052812,http://factpages.npd.no/FactPages/default.aspx?nav1=field&nav2=PageView|All&nav3=3437650,http://gis.npd.no/factmaps/html_21/?run=FieldByNPDID&NPDID=3437650,15.01.2019,23.01.2019,20.02.2019
BRAGE,Wintershall Norge AS,Producing, 31/4-3,11.05.1980,North sea,BUSINESS ARRANGEMENT AREA,BRAGE UNIT,Mongstad,40432,43651,402,21666830,http://factpages.npd.no/FactPages/default.aspx?nav1=field&nav2=PageView|All&nav3=43651,http://gis.npd.no/factmaps/html_21/?run=FieldByNPDID&NPDID=43651,28.04.2016,11.12.2018,20.02.2019
BRYNHILD,Lundin Norway AS,Shut down, 7/7-2,25.04.1992,North sea,PRODUCTION LICENSE,148,,21996,21123063,1868,2767314,http://factpages.npd.no/FactPages/default.aspx?nav1=field&nav2=PageView|All&nav3=21123063,http://gis.npd.no/factmaps/html_21/?run=FieldByNPDID&NPDID=21123063,15.01.2019,15.01.2019,20.02.2019
BYRDING,Equinor Energy AS,Producing, 35/11-13,28.05.2005,North sea,PRODUCTION LICENSE,090 B,Mongstad,3426781,28975067,5063,32011216,http://factpages.npd.no/FactPages/default.aspx?nav1=field&nav2=PageView|All&nav3=28975067,http://gis.npd.no/factmaps/html_21/?run=FieldByNPDID&NPDID=28975067,18.05.2018,14.09.2018,20.02.2019
BØYLA,Aker BP ASA,Producing, 24/9-9 S,07.10.2009,North sea,PRODUCTION LICENSE,340,,2986630,22492497,6222,28544099,http://factpages.npd.no/FactPages/default.aspx?nav1=field&nav2=PageView|All&nav3=22492497,http://gis.npd.no/factmaps/html_21/?run=FieldByNPDID&NPDID=22492497,06.10.2016,11.12.2018,20.02.2019
COD,ConocoPhillips Skandinavia AS,Shut down, 7/11-1,15.06.1968,North sea,PRODUCTION LICENSE,018,,20900,43785,149,2410696,http://factpages.npd.no/FactPages/default.aspx?nav1=field&nav2=PageView|All&nav3=43785,http://gis.npd.no/factmaps/html_21/?run=FieldByNPDID&NPDID=43785,28.04.2016,11.12.2018,20.02.2019
DRAUGEN,OKEA AS,Producing, 6407/9-1,07.09.1984,Norwegian sea,PRODUCTION LICENSE,093,Kristiansund,21548,43758,133,27432899,http://factpages.npd.no/FactPages/default.aspx?nav1=field&nav2=PageView|All&nav3=43758,http://gis.npd.no/factmaps/html_21/?run=FieldByNPDID&NPDID=43758,05.12.2018,08.12.2018,20.02.2019
DVALIN,DEA Norge AS,Approved for production, 6507/7-14 S,26.09.2010,Norwegian sea,PRODUCTION LICENSE,435,Kristiansund,4238696,29393934,6367,26309819,http://factpages.npd.no/FactPages/default.aspx?nav1=field&nav2=PageView|All&nav3=29393934,http://gis.npd.no/factmaps/html_21/?run=FieldByNPDID&NPDID=29393934,24.03.2017,09.03.2018,20.02.2019
EDDA,ConocoPhillips Skandinavia AS,Shut down, 2/7-4,03.09.1972,North sea,PRODUCTION LICENSE,018,,20900,43541,263,2410696,http://factpages.npd.no/FactPages/default.aspx?nav1=field&nav2=PageView|All&nav3=43541,http://gis.npd.no/factmaps/html_21/?run=FieldByNPDID&NPDID=43541,28.04.2016,11.12.2018,20.02.2019
EDVARD GRIEG,Lundin Norway AS,Producing, 16/1-8,13.11.2007,North sea,PRODUCTION LICENSE,338,Tananger,2986578,21675433,5612,2767314,http://factpages.npd.no/FactPages/default.aspx?nav1=field&nav2=PageView|All&nav3=21675433,http://gis.npd.no/factmaps/html_21/?run=FieldByNPDID&NPDID=21675433,28.04.2016,09.03.2018,20.02.2019
EKOFISK,ConocoPhillips Skandinavia AS,Producing, 2/4-2,24.12.1969,North sea,PRODUCTION LICENSE,018,Tananger,20900,43506,172,2410696,http://factpages.npd.no/FactPages/default.aspx?nav1=field&nav2=PageView|All&nav3=43506,http://gis.npd.no/factmaps/html_21/?run=FieldByNPDID&NPDID=43506,28.04.2016,11.12.2018,20.02.2019
ELDFISK,ConocoPhillips Skandinavia AS,Producing, 2/7-1,11.12.1970,North sea,PRODUCTION LICENSE,018,Tananger,20900,43527,179,2410696,http://factpages.npd.no/FactPages/default.aspx?nav1=field&nav2=PageView|All&nav3=43527,http://gis.npd.no/factmaps/html_21/?run=FieldByNPDID&NPDID=43527,28.04.2016,18.12.2018,20.02.2019
EMBLA,ConocoPhillips Skandinavia AS,Producing, 2/7-20,25.06.1988,North sea,PRODUCTION LICENSE,018,Tananger,20900,43534,1062,2410696,http://factpages.npd.no/FactPages/default.aspx?nav1=field&nav2=PageView|All&nav3=43534,http://gis.npd.no/factmaps/html_21/?run=FieldByNPDID&NPDID=43534,28.04.2016,11.12.2018,20.02.2019
ENOCH,Repsol Sinopec North Sea Limited,Producing, ?,,North sea,BUSINESS ARRANGEMENT AREA,ENOCH UNIT,,3437805,3437659,0,28222425,http://factpages.npd.no/FactPages/default.aspx?nav1=field&nav2=PageView|All&nav3=3437659,http://gis.npd.no/factmaps/html_21/?run=FieldByNPDID&NPDID=3437659,09.08.2018,09.08.2018,20.02.2019
FENJA,Neptune Energy Norge AS,Approved for production, 6406/12-3 S,26.04.2014,Norwegian sea,PRODUCTION LICENSE,586,Kristiansund,20109200,31164879,7322,31123361,http://factpages.npd.no/FactPages/default.aspx?nav1=field&nav2=PageView|All&nav3=31164879,http://gis.npd.no/factmaps/html_21/?run=FieldByNPDID&NPDID=31164879,09.12.2018,11.12.2018,20.02.2019
FLYNDRE,Total Oil UK Limited,Producing, 1/5-2,15.04.1974,North sea,BUSINESS ARRANGEMENT AREA,FLYNDRE UNIT,,29395339,24635035,238,32057045,http://factpages.npd.no/FactPages/default.aspx?nav1=field&nav2=PageView|All&nav3=24635035,http://gis.npd.no/factmaps/html_21/?run=FieldByNPDID&NPDID=24635035,15.01.2019,25.01.2019,20.02.2019
FRAM,Equinor Energy AS,Producing, 35/11-4,29.12.1990,North sea,PRODUCTION LICENSE,090,Mongstad,21524,1578840,1523,32011216,http://factpages.npd.no/FactPages/default.aspx?nav1=field&nav2=PageView|All&nav3=1578840,http://gis.npd.no/factmaps/html_21/?run=FieldByNPDID&NPDID=1578840,18.05.2018,18.05.2018,20.02.2019
FRAM H-NORD,Equinor Energy AS,Producing, 35/11-15 S,28.06.2007,North sea,BUSINESS ARRANGEMENT AREA,FRAM H-NORD UNIT,Mongstad,23410876,23410947,5517,32011216,http://factpages.npd.no/FactPages/default.aspx?nav1=field&nav2=PageView|All&nav3=23410947,http://gis.npd.no/factmaps/html_21/?run=FieldByNPDID&NPDID=23410947,18.05.2018,18.05.2018,20.02.2019
FRIGG,Equinor Energy AS,Shut down, 25/1-1,22.07.1971,North sea,PRODUCTION LICENSE,903,,28974935,43555,190,32011216,http://factpages.npd.no/FactPages/default.aspx?nav1=field&nav2=PageView|All&nav3=43555,http://gis.npd.no/factmaps/html_21/?run=FieldByNPDID&NPDID=43555,21.11.2018,04.12.2018,20.02.2019
FRØY,Aker BP ASA,Shut down, 25/5-1,01.08.1987,North sea,PRODUCTION LICENSE,364,,3810636,43597,884,28544099,http://factpages.npd.no/FactPages/default.aspx?nav1=field&nav2=PageView|All&nav3=43597,http://gis.npd.no/factmaps/html_21/?run=FieldByNPDID&NPDID=43597,17.05.2017,09.03.2018,20.02.2019
GAUPE,A/S Norske Shell,Shut down, 6/3-1,01.02.1985,North sea,PRODUCTION LICENSE,292,,2407572,18161341,450,562,http://factpages.npd.no/FactPages/default.aspx?nav1=field&nav2=PageView|All&nav3=18161341,http://gis.npd.no/factmaps/html_21/?run=FieldByNPDID&NPDID=18161341,15.01.2019,15.01.2019,20.02.2019
GIMLE,Equinor Energy AS,Producing, 34/10-48 S,22.12.2004,North sea,BUSINESS ARRANGEMENT AREA,GIMLE UNIT,Mongstad,4007192,4005142,4902,32011216,http://factpages.npd.no/FactPages/default.aspx?nav1=field&nav2=PageView|All&nav3=4005142,http://gis.npd.no/factmaps/html_21/?run=FieldByNPDID&NPDID=4005142,18.05.2018,18.05.2018,20.02.2019
GINA KROG,Equinor Energy AS,Producing, 15/5-1,08.04.1978,North sea,BUSINESS ARRANGEMENT AREA,GINA KROG UNIT,Dusavik,23412556,23384544,315,32011216,http://factpages.npd.no/FactPages/default.aspx?nav1=field&nav2=PageView|All&nav3=23384544,http://gis.npd.no/factmaps/html_21/?run=FieldByNPDID&NPDID=23384544,18.05.2018,18.05.2018,20.02.2019
GJØA,Neptune Energy Norge AS,Producing, 35/9-1,07.05.1989,North sea,PRODUCTION LICENSE,153,Florø,22036,4467574,1375,31123361,http://factpages.npd.no/FactPages/default.aspx?nav1=field&nav2=PageView|All&nav3=4467574,http://gis.npd.no/factmaps/html_21/?run=FieldByNPDID&NPDID=4467574,21.11.2018,04.12.2018,20.02.2019
GLITNE,Aker BP ASA,Shut down, 15/5-5,05.10.1995,North sea,PRODUCTION LICENSE,777 D,Dusavik,30977561,1272071,2635,28544099,http://factpages.npd.no/FactPages/default.aspx?nav1=field&nav2=PageView|All&nav3=1272071,http://gis.npd.no/factmaps/html_21/?run=FieldByNPDID&NPDID=1272071,22.03.2018,19.12.2018,20.02.2019
GOLIAT,Vår Energi AS,Producing, 7122/7-1,05.10.2000,Barents sea,PRODUCTION LICENSE,229,Hammerfest,22644,5774394,4173,33360957,http://factpages.npd.no/FactPages/default.aspx?nav1=field&nav2=PageView|All&nav3=5774394,http://gis.npd.no/factmaps/html_21/?run=FieldByNPDID&NPDID=5774394,11.12.2018,11.12.2018,20.02.2019
GRANE,Equinor Energy AS,Producing, 25/11-15,25.12.1991,North sea,BUSINESS ARRANGEMENT AREA,GRANE UNIT,Dusavik,1031365,1035937,1872,32011216,http://factpages.npd.no/FactPages/default.aspx?nav1=field&nav2=PageView|All&nav3=1035937,http://gis.npd.no/factmaps/html_21/?run=FieldByNPDID&NPDID=1035937,18.05.2018,18.05.2018,20.02.2019
GUDRUN,Equinor Energy AS,Producing, 15/3-1 S,06.07.1975,North sea,PRODUCTION LICENSE,025,Dusavik,34512,18116481,309,32011216,http://factpages.npd.no/FactPages/default.aspx?nav1=field&nav2=PageView|All&nav3=18116481,http://gis.npd.no/factmaps/html_21/?run=FieldByNPDID&NPDID=18116481,18.05.2018,18.05.2018,20.02.2019
GULLFAKS,Equinor Energy AS,Producing, 34/10-1,08.09.1978,North sea,PRODUCTION LICENSE,050,Mongstad,21188,43686,424,32011216,http://factpages.npd.no/FactPages/default.aspx?nav1=field&nav2=PageView|All&nav3=43686,http://gis.npd.no/factmaps/html_21/?run=FieldByNPDID&NPDID=43686,18.05.2018,18.05.2018,20.02.2019
GULLFAKS SØR,Equinor Energy AS,Producing, 34/10-2,08.12.1978,North sea,PRODUCTION LICENSE,050,Mongstad,21188,43699,425,32011216,http://factpages.npd.no/FactPages/default.aspx?nav1=field&nav2=PageView|All&nav3=43699,http://gis.npd.no/factmaps/html_21/?run=FieldByNPDID&NPDID=43699,18.05.2018,18.05.2018,20.02.2019
GUNGNE,Equinor Energy AS,Producing, 15/9-15,01.08.1982,North sea,PRODUCTION LICENSE,046,Dusavik,21156,43464,74,32011216,http://factpages.npd.no/FactPages/default.aspx?nav1=field&nav2=PageView|All&nav3=43464,http://gis.npd.no/factmaps/html_21/?run=FieldByNPDID&NPDID=43464,18.05.2018,18.05.2018,20.02.2019
GYDA,Repsol Norge AS,Producing, 2/1-3,29.03.1980,North sea,PRODUCTION LICENSE,019 B,Tananger,20924,43492,251,27052812,http://factpages.npd.no/FactPages/default.aspx?nav1=field&nav2=PageView|All&nav3=43492,http://gis.npd.no/factmaps/html_21/?run=FieldByNPDID&NPDID=43492,15.01.2019,15.01.2019,20.02.2019
HANZ,Aker BP ASA,Approved for production, 25/10-8,07.04.1997,North sea,PRODUCTION LICENSE,028 B,Tananger,917484,25307278,2955,28544099,http://factpages.npd.no/FactPages/default.aspx?nav1=field&nav2=PageView|All&nav3=25307278,http://gis.npd.no/factmaps/html_21/?run=FieldByNPDID&NPDID=25307278,24.11.2016,08.12.2018,20.02.2019
HEIDRUN,Equinor Energy AS,Producing, 6507/7-2,10.06.1985,Norwegian sea,BUSINESS ARRANGEMENT AREA,HEIDRUN UNIT,Kristiansund,40490,43771,464,32011216,http://factpages.npd.no/FactPages/default.aspx?nav1=field&nav2=PageView|All&nav3=43771,http://gis.npd.no/factmaps/html_21/?run=FieldByNPDID&NPDID=43771,18.05.2018,11.12.2018,20.02.2019
HEIMDAL,Equinor Energy AS,Producing, 25/4-1,09.12.1972,North sea,PRODUCTION LICENSE,036 BS,Dusavik,2473189,43590,359,32011216,http://factpages.npd.no/FactPages/default.aspx?nav1=field&nav2=PageView|All&nav3=43590,http://gis.npd.no/factmaps/html_21/?run=FieldByNPDID&NPDID=43590,18.05.2018,08.12.2018,20.02.2019
HOD,Aker BP ASA,Producing, 2/11-2,29.12.1974,North sea,PRODUCTION LICENSE,033,Tananger,21052,43485,285,28544099,http://factpages.npd.no/FactPages/default.aspx?nav1=field&nav2=PageView|All&nav3=43485,http://gis.npd.no/factmaps/html_21/?run=FieldByNPDID&NPDID=43485,07.12.2016,09.03.2018,20.02.2019
HULDRA,Equinor Energy AS,Shut down, 30/2-1,12.10.1982,North sea,PRODUCTION LICENSE,878,Mongstad,28973861,97002,72,32011216,http://factpages.npd.no/FactPages/default.aspx?nav1=field&nav2=PageView|All&nav3=97002,http://gis.npd.no/factmaps/html_21/?run=FieldByNPDID&NPDID=97002,18.05.2018,23.05.2018,20.02.2019
HYME,Equinor Energy AS,Producing, 6407/8-5 S,26.05.2009,Norwegian sea,PRODUCTION LICENSE,348,Kristiansund,2987047,20474183,6110,32011216,http://factpages.npd.no/FactPages/default.aspx?nav1=field&nav2=PageView|All&nav3=20474183,http://gis.npd.no/factmaps/html_21/?run=FieldByNPDID&NPDID=20474183,18.05.2018,11.12.2018,20.02.2019
ISLAY,Total E&P UK Ltd,Producing, ?,,North sea,BUSINESS ARRANGEMENT AREA,ISLAY UNIT,,27122635,21105675,0,2747820,http://factpages.npd.no/FactPages/default.aspx?nav1=field&nav2=PageView|All&nav3=21105675,http://gis.npd.no/factmaps/html_21/?run=FieldByNPDID&NPDID=21105675,10.03.2017,09.03.2018,20.02.2019
IVAR AASEN,Aker BP ASA,Producing, 16/1-9,22.04.2008,North sea,BUSINESS ARRANGEMENT AREA,IVAR AASEN UNIT,Tananger,25307128,23384520,5773,28544099,http://factpages.npd.no/FactPages/default.aspx?nav1=field&nav2=PageView|All&nav3=23384520,http://gis.npd.no/factmaps/html_21/?run=FieldByNPDID&NPDID=23384520,28.12.2016,08.12.2018,20.02.2019
JETTE,Aker BP ASA,Shut down, 25/8-17,29.10.2009,North sea,BUSINESS ARRANGEMENT AREA,JETTE UNIT,,21077388,21613906,6185,28544099,http://factpages.npd.no/FactPages/default.aspx?nav1=field&nav2=PageView|All&nav3=21613906,http://gis.npd.no/factmaps/html_21/?run=FieldByNPDID&NPDID=21613906,12.01.2018,09.03.2018,20.02.2019
JOHAN CASTBERG,Equinor Energy AS,Approved for production, 7220/8-1,02.05.2011,Barents sea,PRODUCTION LICENSE,532,Hammerfest,5463659,32017325,6484,32011216,http://factpages.npd.no/FactPages/default.aspx?nav1=field&nav2=PageView|All&nav3=32017325,http://gis.npd.no/factmaps/html_21/?run=FieldByNPDID&NPDID=32017325,15.01.2019,15.01.2019,20.02.2019
JOHAN SVERDRUP,Equinor Energy AS,Approved for production, 16/2-6,20.09.2010,North sea,BUSINESS ARRANGEMENT AREA,JOHAN SVERDRUP UNIT,Dusavik,26312510,26376286,6374,32011216,http://factpages.npd.no/FactPages/default.aspx?nav1=field&nav2=PageView|All&nav3=26376286,http://gis.npd.no/factmaps/html_21/?run=FieldByNPDID&NPDID=26376286,21.12.2018,21.12.2018,20.02.2019
JOTUN,Vår Energi AS,Shut down, 25/8-5 S,22.09.1994,North sea,PRODUCTION LICENSE,027 GS,Dusavik,31166668,43604,2390,33360957,http://factpages.npd.no/FactPages/default.aspx?nav1=field&nav2=PageView|All&nav3=43604,http://gis.npd.no/factmaps/html_21/?run=FieldByNPDID&NPDID=43604,11.12.2018,11.12.2018,20.02.2019
KNARR,A/S Norske Shell,Producing, 34/3-1 S,10.09.2008,North sea,PRODUCTION LICENSE,373 S,Florø,3811116,20460988,5811,562,http://factpages.npd.no/FactPages/default.aspx?nav1=field&nav2=PageView|All&nav3=20460988,http://gis.npd.no/factmaps/html_21/?run=FieldByNPDID&NPDID=20460988,21.11.2018,04.01.2019,20.02.2019
KRISTIN,Equinor Energy AS,Producing, 6406/2-3,15.04.1997,Norwegian sea,BUSINESS ARRANGEMENT AREA,HALTENBANKEN VEST UNIT,Kristiansund,1854695,1854729,2849,32011216,http://factpages.npd.no/FactPages/default.aspx?nav1=field&nav2=PageView|All&nav3=1854729,http://gis.npd.no/factmaps/html_21/?run=FieldByNPDID&NPDID=1854729,18.05.2018,11.12.2018,20.02.2019
KVITEBJØRN,Equinor Energy AS,Producing, 34/11-1,25.10.1994,North sea,PRODUCTION LICENSE,193,Mongstad,22356,1036101,2377,32011216,http://factpages.npd.no/FactPages/default.aspx?nav1=field&nav2=PageView|All&nav3=1036101,http://gis.npd.no/factmaps/html_21/?run=FieldByNPDID&NPDID=1036101,18.05.2018,08.12.2018,20.02.2019
LILLE-FRIGG,Aker BP ASA,Shut down, 25/2-4,20.10.1975,North sea,PRODUCTION LICENSE,873,,28973585,43583,356,28544099,http://factpages.npd.no/FactPages/default.aspx?nav1=field&nav2=PageView|All&nav3=43583,http://gis.npd.no/factmaps/html_21/?run=FieldByNPDID&NPDID=43583,21.11.2018,21.11.2018,20.02.2019
MARIA,Wintershall Norge AS,Producing, 6406/3-8,10.08.2010,Norwegian sea,PRODUCTION LICENSE,475 BS,,5107669,26465170,6350,21666830,http://factpages.npd.no/FactPages/default.aspx?nav1=field&nav2=PageView|All&nav3=26465170,http://gis.npd.no/factmaps/html_21/?run=FieldByNPDID&NPDID=26465170,19.12.2017,08.12.2018,20.02.2019
MARTIN LINGE,Equinor Energy AS,Approved for production, 30/7-6 R,03.06.1978,North sea,BUSINESS ARRANGEMENT AREA,MARTIN LINGE UNIT,Tananger/Dusavik,3812119,21675447,507,32011216,http://factpages.npd.no/FactPages/default.aspx?nav1=field&nav2=PageView|All&nav3=21675447,http://gis.npd.no/factmaps/html_21/?run=FieldByNPDID&NPDID=21675447,18.05.2018,18.05.2018,20.02.2019
MARULK,Vår Energi AS,Producing, 6507/2-2,16.03.1992,Norwegian sea,PRODUCTION LICENSE,122,Sandnessjøen,21788,18212090,1840,33360957,http://factpages.npd.no/FactPages/default.aspx?nav1=field&nav2=PageView|All&nav3=18212090,http://gis.npd.no/factmaps/html_21/?run=FieldByNPDID&NPDID=18212090,11.12.2018,11.12.2018,20.02.2019
MIKKEL,Equinor Energy AS,Producing, 6407/6-3,16.02.1987,Norwegian sea,BUSINESS ARRANGEMENT AREA,MIKKEL UNIT,Kristiansund,1629477,1630514,1024,32011216,http://factpages.npd.no/FactPages/default.aspx?nav1=field&nav2=PageView|All&nav3=1630514,http://gis.npd.no/factmaps/html_21/?run=FieldByNPDID&NPDID=1630514,18.05.2018,04.02.2019,20.02.2019
MIME,Aker BP ASA,Shut down, 7/11-5,10.06.1982,North sea,PRODUCTION LICENSE,907,,30674106,43792,42,28544099,http://factpages.npd.no/FactPages/default.aspx?nav1=field&nav2=PageView|All&nav3=43792,http://gis.npd.no/factmaps/html_21/?run=FieldByNPDID&NPDID=43792,15.01.2019,15.01.2019,20.02.2019
MORVIN,Equinor Energy AS,Producing, 6506/11-7,27.07.2001,Norwegian sea,PRODUCTION LICENSE,134 B,Kristiansund,1025257,4966234,3322,32011216,http://factpages.npd.no/FactPages/default.aspx?nav1=field&nav2=PageView|All&nav3=4966234,http://gis.npd.no/factmaps/html_21/?run=FieldByNPDID&NPDID=4966234,18.05.2018,11.12.2018,20.02.2019
MURCHISON,,Shut down, ?,,North sea,,,"Peterhead, Skottland",,43665,0,,http://factpages.npd.no/FactPages/default.aspx?nav1=field&nav2=PageView|All&nav3=43665,http://gis.npd.no/factmaps/html_21/?run=FieldByNPDID&NPDID=43665,12.01.2018,09.03.2018,20.02.2019
NJORD,Equinor Energy AS,Producing, 6407/7-1 S,07.04.1986,Norwegian sea,BUSINESS ARRANGEMENT AREA,NJORD UNIT,Kristiansund,40585,43751,474,32011216,http://factpages.npd.no/FactPages/default.aspx?nav1=field&nav2=PageView|All&nav3=43751,http://gis.npd.no/factmaps/html_21/?run=FieldByNPDID&NPDID=43751,18.05.2018,08.12.2018,20.02.2019
NORDØST FRIGG,Equinor Energy AS,Shut down, 25/1-4,30.05.1974,North sea,PRODUCTION LICENSE,903,,28974935,43568,350,32011216,http://factpages.npd.no/FactPages/default.aspx?nav1=field&nav2=PageView|All&nav3=43568,http://gis.npd.no/factmaps/html_21/?run=FieldByNPDID&NPDID=43568,21.11.2018,04.12.2018,20.02.2019
NORNE,Equinor Energy AS,Producing, 6608/10-2,29.01.1992,Norwegian sea,BUSINESS ARRANGEMENT AREA,NORNE INSIDE,Sandnessjøen,40672,43778,1782,32011216,http://factpages.npd.no/FactPages/default.aspx?nav1=field&nav2=PageView|All&nav3=43778,http://gis.npd.no/factmaps/html_21/?run=FieldByNPDID&NPDID=43778,18.05.2018,11.12.2018,20.02.2019
NOVA,Wintershall Norge AS,Approved for production, 35/9-7,14.04.2012,North sea,PRODUCTION LICENSE,418,Florø,4238348,33197696,6776,21666830,http://factpages.npd.no/FactPages/default.aspx?nav1=field&nav2=PageView|All&nav3=33197696,http://gis.npd.no/factmaps/html_21/?run=FieldByNPDID&NPDID=33197696,21.11.2018,08.12.2018,20.02.2019
ODA,Spirit Energy Norway AS,Approved for production, 8/10-4 S,27.10.2011,North sea,PRODUCTION LICENSE,405,,4237284,29412516,6630,33342085,http://factpages.npd.no/FactPages/default.aspx?nav1=field&nav2=PageView|All&nav3=29412516,http://gis.npd.no/factmaps/html_21/?run=FieldByNPDID&NPDID=29412516,15.01.2019,15.01.2019,20.02.2019
ODIN,Equinor Energy AS,Shut down, 30/10-2,28.03.1974,North sea,PRODUCTION LICENSE,903,,28974935,43610,392,32011216,http://factpages.npd.no/FactPages/default.aspx?nav1=field&nav2=PageView|All&nav3=43610,http://gis.npd.no/factmaps/html_21/?run=FieldByNPDID&NPDID=43610,21.11.2018,04.12.2018,20.02.2019
ORMEN LANGE,A/S Norske Shell,Producing, 6305/5-1,07.10.1997,Norwegian sea,BUSINESS ARRANGEMENT AREA,ORMEN LANGE UNIT,Kristiansund,2588637,2762452,3144,562,http://factpages.npd.no/FactPages/default.aspx?nav1=field&nav2=PageView|All&nav3=2762452,http://gis.npd.no/factmaps/html_21/?run=FieldByNPDID&NPDID=2762452,28.04.2016,17.05.2018,20.02.2019
OSEBERG,Equinor Energy AS,Producing, 30/6-1,22.09.1979,North sea,BUSINESS ARRANGEMENT AREA,OSEBERG AREA UNIT,Mongstad,3500071,43625,380,32011216,http://factpages.npd.no/FactPages/default.aspx?nav1=field&nav2=PageView|All&nav3=43625,http://gis.npd.no/factmaps/html_21/?run=FieldByNPDID&NPDID=43625,18.05.2018,09.11.2018,20.02.2019
OSEBERG SØR,Equinor Energy AS,Producing, 30/9-3,26.02.1984,North sea,BUSINESS ARRANGEMENT AREA,OSEBERG AREA UNIT,Mongstad,3500071,43645,55,32011216,http://factpages.npd.no/FactPages/default.aspx?nav1=field&nav2=PageView|All&nav3=43645,http://gis.npd.no/factmaps/html_21/?run=FieldByNPDID&NPDID=43645,18.05.2018,18.05.2018,20.02.2019
OSEBERG ØST,Equinor Energy AS,Producing, 30/6-5,15.08.1981,North sea,BUSINESS ARRANGEMENT AREA,OSEBERG AREA UNIT,Mongstad,3500071,43639,118,32011216,http://factpages.npd.no/FactPages/default.aspx?nav1=field&nav2=PageView|All&nav3=43639,http://gis.npd.no/factmaps/html_21/?run=FieldByNPDID&NPDID=43639,18.05.2018,18.05.2018,20.02.2019
OSELVAR,Faroe Petroleum Norge AS,Shut down, 1/3-6,22.06.1991,North sea,PRODUCTION LICENSE,274,,2060266,5506919,1521,4062883,http://factpages.npd.no/FactPages/default.aspx?nav1=field&nav2=PageView|All&nav3=5506919,http://gis.npd.no/factmaps/html_21/?run=FieldByNPDID&NPDID=5506919,15.01.2019,15.01.2019,20.02.2019
REV,Repsol Norge AS,Producing, 15/12-12,09.02.2001,North sea,PRODUCTION LICENSE,038 C,,4005057,4467554,3391,27052812,http://factpages.npd.no/FactPages/default.aspx?nav1=field&nav2=PageView|All&nav3=4467554,http://gis.npd.no/factmaps/html_21/?run=FieldByNPDID&NPDID=4467554,15.01.2019,15.01.2019,20.02.2019
RINGHORNE ØST,Vår Energi AS,Producing, 25/8-14 S,22.09.2003,North sea,BUSINESS ARRANGEMENT AREA,RINGHORNE ØST UNIT,,3505593,3505505,4805,33360957,http://factpages.npd.no/FactPages/default.aspx?nav1=field&nav2=PageView|All&nav3=3505505,http://gis.npd.no/factmaps/html_21/?run=FieldByNPDID&NPDID=3505505,11.12.2018,11.12.2018,20.02.2019
SIGYN,Equinor Energy AS,Producing, 16/7-4,06.12.1982,North sea,PRODUCTION LICENSE,072,Dusavik,21372,1630100,91,32011216,http://factpages.npd.no/FactPages/default.aspx?nav1=field&nav2=PageView|All&nav3=1630100,http://gis.npd.no/factmaps/html_21/?run=FieldByNPDID&NPDID=1630100,18.05.2018,18.05.2018,20.02.2019
SINDRE,Equinor Energy AS,Producing, 34/10-55 S,11.03.2017,North sea,BUSINESS ARRANGEMENT AREA,SINDRE UNIT,,29400473,29401178,8102,32011216,http://factpages.npd.no/FactPages/default.aspx?nav1=field&nav2=PageView|All&nav3=29401178,http://gis.npd.no/factmaps/html_21/?run=FieldByNPDID&NPDID=29401178,18.05.2018,06.12.2018,20.02.2019
SKARV,Aker BP ASA,Producing, 6507/5-1,03.05.1998,Norwegian sea,BUSINESS ARRANGEMENT AREA,SKARV UNIT,Sandnessjøen,4468539,4704482,3683,28544099,http://factpages.npd.no/FactPages/default.aspx?nav1=field&nav2=PageView|All&nav3=4704482,http://gis.npd.no/factmaps/html_21/?run=FieldByNPDID&NPDID=4704482,26.01.2019,26.01.2019,20.02.2019
SKIRNE,Total E&P Norge AS,Producing, 25/5-3,26.03.1990,North sea,PRODUCTION LICENSE,102,,21620,2138816,1488,2410708,http://factpages.npd.no/FactPages/default.aspx?nav1=field&nav2=PageView|All&nav3=2138816,http://gis.npd.no/factmaps/html_21/?run=FieldByNPDID&NPDID=2138816,28.04.2016,09.03.2018,20.02.2019
SKOGUL,Aker BP ASA,Approved for production, 25/1-11 R,26.04.2010,North sea,PRODUCTION LICENSE,460,,4910195,31164600,6368,28544099,http://factpages.npd.no/FactPages/default.aspx?nav1=field&nav2=PageView|All&nav3=31164600,http://gis.npd.no/factmaps/html_21/?run=FieldByNPDID&NPDID=31164600,28.03.2018,09.04.2018,20.02.2019
SKULD,Equinor Energy AS,Producing, 6608/10-12,21.12.2008,Norwegian sea,PRODUCTION LICENSE,128,Sandnessjøen,21836,21350124,5949,32011216,http://factpages.npd.no/FactPages/default.aspx?nav1=field&nav2=PageView|All&nav3=21350124,http://gis.npd.no/factmaps/html_21/?run=FieldByNPDID&NPDID=21350124,18.05.2018,11.12.2018,20.02.2019
SLEIPNER VEST,Equinor Energy AS,Producing, 15/6-3,19.12.1974,North sea,BUSINESS ARRANGEMENT AREA,SLEIPNER VEST UNIT,Dusavik,40848,43457,318,32011216,http://factpages.npd.no/FactPages/default.aspx?nav1=field&nav2=PageView|All&nav3=43457,http://gis.npd.no/factmaps/html_21/?run=FieldByNPDID&NPDID=43457,18.05.2018,18.05.2018,20.02.2019
SLEIPNER ØST,Equinor Energy AS,Producing, 15/9-9,14.07.1981,North sea,BUSINESS ARRANGEMENT AREA,SLEIPNER ØST UNIT,Dusavik,41211,43478,328,32011216,http://factpages.npd.no/FactPages/default.aspx?nav1=field&nav2=PageView|All&nav3=43478,http://gis.npd.no/factmaps/html_21/?run=FieldByNPDID&NPDID=43478,18.05.2018,18.05.2018,20.02.2019
SNORRE,Equinor Energy AS,Producing, 34/4-1,16.12.1979,North sea,BUSINESS ARRANGEMENT AREA,SNORRE UNIT,Florø,40906,43718,422,32011216,http://factpages.npd.no/FactPages/default.aspx?nav1=field&nav2=PageView|All&nav3=43718,http://gis.npd.no/factmaps/html_21/?run=FieldByNPDID&NPDID=43718,06.11.2018,11.12.2018,20.02.2019
SNØHVIT,Equinor Energy AS,Producing, 7121/4-1,27.10.1984,Barents sea,BUSINESS ARRANGEMENT AREA,SNØHVIT UNIT,Hammerfest,1333943,2053062,135,32011216,http://factpages.npd.no/FactPages/default.aspx?nav1=field&nav2=PageView|All&nav3=2053062,http://gis.npd.no/factmaps/html_21/?run=FieldByNPDID&NPDID=2053062,18.05.2018,18.05.2018,20.02.2019
STATFJORD,Equinor Energy AS,Producing, 33/12-1,18.04.1974,North sea,BUSINESS ARRANGEMENT AREA,STATFJORD UNIT,Mongstad,41686,43658,417,32011216,http://factpages.npd.no/FactPages/default.aspx?nav1=field&nav2=PageView|All&nav3=43658,http://gis.npd.no/factmaps/html_21/?run=FieldByNPDID&NPDID=43658,18.05.2018,06.12.2018,20.02.2019
STATFJORD NORD,Equinor Energy AS,Producing, 33/9-8,18.02.1977,North sea,PRODUCTION LICENSE,037,Mongstad,21084,43679,413,32011216,http://factpages.npd.no/FactPages/default.aspx?nav1=field&nav2=PageView|All&nav3=43679,http://gis.npd.no/factmaps/html_21/?run=FieldByNPDID&NPDID=43679,18.05.2018,08.12.2018,20.02.2019
STATFJORD ØST,Equinor Energy AS,Producing, 33/9-7,07.11.1976,North sea,BUSINESS ARRANGEMENT AREA,STATFJORD ØST UNIT,Mongstad,41233,43672,412,32011216,http://factpages.npd.no/FactPages/default.aspx?nav1=field&nav2=PageView|All&nav3=43672,http://gis.npd.no/factmaps/html_21/?run=FieldByNPDID&NPDID=43672,18.05.2018,06.12.2018,20.02.2019
SVALIN,Equinor Energy AS,Producing, 25/11-16,24.07.1992,North sea,PRODUCTION LICENSE,169,Dusavik,22164,22507971,1920,32011216,http://factpages.npd.no/FactPages/default.aspx?nav1=field&nav2=PageView|All&nav3=22507971,http://gis.npd.no/factmaps/html_21/?run=FieldByNPDID&NPDID=22507971,18.05.2018,18.05.2018,20.02.2019
SYGNA,Equinor Energy AS,Producing, 33/9-19 S,23.07.1996,North sea,BUSINESS ARRANGEMENT AREA,SYGNA UNIT,Florø,96205,104718,2830,32011216,http://factpages.npd.no/FactPages/default.aspx?nav1=field&nav2=PageView|All&nav3=104718,http://gis.npd.no/factmaps/html_21/?run=FieldByNPDID&NPDID=104718,18.05.2018,06.12.2018,20.02.2019
TAMBAR,Aker BP ASA,Producing, 1/3-3,24.03.1983,North sea,PRODUCTION LICENSE,065,Tananger,21316,1028599,87,28544099,http://factpages.npd.no/FactPages/default.aspx?nav1=field&nav2=PageView|All&nav3=1028599,http://gis.npd.no/factmaps/html_21/?run=FieldByNPDID&NPDID=1028599,15.01.2019,15.01.2019,20.02.2019
TAMBAR ØST,Aker BP ASA,Producing, 1/3-K-5,29.06.2007,North sea,BUSINESS ARRANGEMENT AREA,TAMBAR ØST UNIT,,4999504,4999528,5485,28544099,http://factpages.npd.no/FactPages/default.aspx?nav1=field&nav2=PageView|All&nav3=4999528,http://gis.npd.no/factmaps/html_21/?run=FieldByNPDID&NPDID=4999528,15.01.2019,15.01.2019,20.02.2019
TOMMELITEN GAMMA,ConocoPhillips Skandinavia AS,Shut down, 1/9-4,12.01.1978,North sea,BUSINESS ARRANGEMENT AREA,TOMMELITEN UNIT,,41411,43444,247,2410696,http://factpages.npd.no/FactPages/default.aspx?nav1=field&nav2=PageView|All&nav3=43444,http://gis.npd.no/factmaps/html_21/?run=FieldByNPDID&NPDID=43444,28.04.2016,03.01.2019,20.02.2019
TOR,ConocoPhillips Skandinavia AS,Shut down, 2/5-1,22.11.1970,North sea,BUSINESS ARRANGEMENT AREA,TOR UNIT,Tananger,45891,43520,178,2410696,http://factpages.npd.no/FactPages/default.aspx?nav1=field&nav2=PageView|All&nav3=43520,http://gis.npd.no/factmaps/html_21/?run=FieldByNPDID&NPDID=43520,28.04.2016,11.12.2018,20.02.2019
TORDIS,Equinor Energy AS,Producing, 34/7-12,17.12.1987,North sea,PRODUCTION LICENSE,089,Florø,21516,43725,1187,32011216,http://factpages.npd.no/FactPages/default.aspx?nav1=field&nav2=PageView|All&nav3=43725,http://gis.npd.no/factmaps/html_21/?run=FieldByNPDID&NPDID=43725,18.05.2018,18.05.2018,20.02.2019
TRESTAKK,Equinor Energy AS,Approved for production, 6406/3-2,22.11.1986,Norwegian sea,PRODUCTION LICENSE,091,Kristiansund,21532,29396445,863,32011216,http://factpages.npd.no/FactPages/default.aspx?nav1=field&nav2=PageView|All&nav3=29396445,http://gis.npd.no/factmaps/html_21/?run=FieldByNPDID&NPDID=29396445,18.05.2018,11.12.2018,20.02.2019
TROLL,Equinor Energy AS,Producing, 31/2-1,09.11.1979,North sea,BUSINESS ARRANGEMENT AREA,TROLL UNIT,Mongstad,41105,46437,398,32011216,http://factpages.npd.no/FactPages/default.aspx?nav1=field&nav2=PageView|All&nav3=46437,http://gis.npd.no/factmaps/html_21/?run=FieldByNPDID&NPDID=46437,18.05.2018,18.05.2018,20.02.2019
TROLL BRENT B,Equinor Energy AS,Shut down, 31/2-N-11 H,24.08.2005,North sea,PRODUCTION LICENSE,054,Mongstad,21228,29398828,5102,32011216,http://factpages.npd.no/FactPages/default.aspx?nav1=field&nav2=PageView|All&nav3=29398828,http://gis.npd.no/factmaps/html_21/?run=FieldByNPDID&NPDID=29398828,18.05.2018,18.05.2018,20.02.2019
TRYM,Faroe Petroleum Norge AS,Producing, 3/7-4,23.01.1990,North sea,PRODUCTION LICENSE,147,,21988,18081500,1467,4062883,http://factpages.npd.no/FactPages/default.aspx?nav1=field&nav2=PageView|All&nav3=18081500,http://gis.npd.no/factmaps/html_21/?run=FieldByNPDID&NPDID=18081500,15.01.2019,15.01.2019,20.02.2019
TUNE,Equinor Energy AS,Producing, 30/8-1 S,01.03.1995,North sea,PRODUCTION LICENSE,190,Mongstad,22332,853376,2430,32011216,http://factpages.npd.no/FactPages/default.aspx?nav1=field&nav2=PageView|All&nav3=853376,http://gis.npd.no/factmaps/html_21/?run=FieldByNPDID&NPDID=853376,18.05.2018,23.05.2018,20.02.2019
TYRIHANS,Equinor Energy AS,Producing, 6407/1-2,15.05.1983,Norwegian sea,BUSINESS ARRANGEMENT AREA,TYRIHANS UNIT,Kristiansund,3488806,3960848,61,32011216,http://factpages.npd.no/FactPages/default.aspx?nav1=field&nav2=PageView|All&nav3=3960848,http://gis.npd.no/factmaps/html_21/?run=FieldByNPDID&NPDID=3960848,18.05.2018,11.12.2018,20.02.2019
ULA,Aker BP ASA,Producing, 7/12-2,23.09.1976,North sea,PRODUCTION LICENSE,019,Tananger,20916,43800,295,28544099,http://factpages.npd.no/FactPages/default.aspx?nav1=field&nav2=PageView|All&nav3=43800,http://gis.npd.no/factmaps/html_21/?run=FieldByNPDID&NPDID=43800,15.01.2019,15.01.2019,20.02.2019
URD,Equinor Energy AS,Producing, 6608/10-6,14.05.2000,Norwegian sea,PRODUCTION LICENSE,128,Sandnessjøen,21836,2834734,3260,32011216,http://factpages.npd.no/FactPages/default.aspx?nav1=field&nav2=PageView|All&nav3=2834734,http://gis.npd.no/factmaps/html_21/?run=FieldByNPDID&NPDID=2834734,18.05.2018,11.12.2018,20.02.2019
UTGARD,Equinor Energy AS,Approved for production, 15/8-1,07.01.1982,North sea,BUSINESS ARRANGEMENT AREA,UTGARD UNIT,,28975129,28975098,321,32011216,http://factpages.npd.no/FactPages/default.aspx?nav1=field&nav2=PageView|All&nav3=28975098,http://gis.npd.no/factmaps/html_21/?run=FieldByNPDID&NPDID=28975098,18.05.2018,23.05.2018,20.02.2019
VALE,Spirit Energy Norway AS,Producing, 25/4-6 S,24.08.1991,North sea,PRODUCTION LICENSE,036,,21076,1578893,1703,33342085,http://factpages.npd.no/FactPages/default.aspx?nav1=field&nav2=PageView|All&nav3=1578893,http://gis.npd.no/factmaps/html_21/?run=FieldByNPDID&NPDID=1578893,07.12.2018,08.12.2018,20.02.2019
VALEMON,Equinor Energy AS,Producing, 34/10-23,13.10.1985,North sea,BUSINESS ARRANGEMENT AREA,VALEMON UNIT,Mongstad,18403644,20460969,476,32011216,http://factpages.npd.no/FactPages/default.aspx?nav1=field&nav2=PageView|All&nav3=20460969,http://gis.npd.no/factmaps/html_21/?run=FieldByNPDID&NPDID=20460969,18.05.2018,06.12.2018,20.02.2019
VALHALL,Aker BP ASA,Producing, 2/8-6,30.06.1975,North sea,BUSINESS ARRANGEMENT AREA,VALHALL UNIT,Tananger,41657,43548,276,28544099,http://factpages.npd.no/FactPages/default.aspx?nav1=field&nav2=PageView|All&nav3=43548,http://gis.npd.no/factmaps/html_21/?run=FieldByNPDID&NPDID=43548,07.12.2016,09.03.2018,20.02.2019
VARG,,Shut down, 15/12-4,31.10.1984,North sea,,,Tananger,,43451,438,,http://factpages.npd.no/FactPages/default.aspx?nav1=field&nav2=PageView|All&nav3=43451,http://gis.npd.no/factmaps/html_21/?run=FieldByNPDID&NPDID=43451,16.01.2019,16.01.2019,20.02.2019
VEGA,Wintershall Norge AS,Producing, 35/8-1,24.01.1981,North sea,BUSINESS ARRANGEMENT AREA,VEGA UNIT,Florø,20459640,4467595,205,21666830,http://factpages.npd.no/FactPages/default.aspx?nav1=field&nav2=PageView|All&nav3=4467595,http://gis.npd.no/factmaps/html_21/?run=FieldByNPDID&NPDID=4467595,28.04.2016,04.02.2019,20.02.2019
VESLEFRIKK,Equinor Energy AS,Producing, 30/3-2 R,16.02.1981,North sea,PRODUCTION LICENSE,052,Mongstad,21212,43618,508,32011216,http://factpages.npd.no/FactPages/default.aspx?nav1=field&nav2=PageView|All&nav3=43618,http://gis.npd.no/factmaps/html_21/?run=FieldByNPDID&NPDID=43618,18.05.2018,18.05.2018,20.02.2019
VEST EKOFISK,ConocoPhillips Skandinavia AS,Shut down, 2/4-6,10.12.1970,North sea,PRODUCTION LICENSE,018,,20900,43513,181,2410696,http://factpages.npd.no/FactPages/default.aspx?nav1=field&nav2=PageView|All&nav3=43513,http://gis.npd.no/factmaps/html_21/?run=FieldByNPDID&NPDID=43513,28.04.2016,11.12.2018,20.02.2019
VIGDIS,Equinor Energy AS,Producing, 34/7-8,11.04.1986,North sea,PRODUCTION LICENSE,089,Florø,21516,43732,878,32011216,http://factpages.npd.no/FactPages/default.aspx?nav1=field&nav2=PageView|All&nav3=43732,http://gis.npd.no/factmaps/html_21/?run=FieldByNPDID&NPDID=43732,18.05.2018,18.05.2018,20.02.2019
VILJE,Aker BP ASA,Producing, 25/4-9 S,29.09.2003,North sea,PRODUCTION LICENSE,036 D,,5081703,3392471,4278,28544099,http://factpages.npd.no/FactPages/default.aspx?nav1=field&nav2=PageView|All&nav3=3392471,http://gis.npd.no/factmaps/html_21/?run=FieldByNPDID&NPDID=3392471,06.10.2016,17.05.2018,20.02.2019
VISUND,Equinor Energy AS,Producing, 34/8-1,08.03.1986,North sea,BUSINESS ARRANGEMENT AREA,VISUND INSIDE,Florø,40726,43745,854,32011216,http://factpages.npd.no/FactPages/default.aspx?nav1=field&nav2=PageView|All&nav3=43745,http://gis.npd.no/factmaps/html_21/?run=FieldByNPDID&NPDID=43745,18.05.2018,09.11.2018,20.02.2019
VISUND SØR,Equinor Energy AS,Producing, 34/8-14 S,21.10.2008,North sea,BUSINESS ARRANGEMENT AREA,VISUND INSIDE,Mongstad,40726,20461008,5943,32011216,http://factpages.npd.no/FactPages/default.aspx?nav1=field&nav2=PageView|All&nav3=20461008,http://gis.npd.no/factmaps/html_21/?run=FieldByNPDID&NPDID=20461008,18.05.2018,18.05.2018,20.02.2019
VOLUND,Aker BP ASA,Producing, 24/9-5,26.01.1994,North sea,PRODUCTION LICENSE,150,,22012,4380167,2244,28544099,http://factpages.npd.no/FactPages/default.aspx?nav1=field&nav2=PageView|All&nav3=4380167,http://gis.npd.no/factmaps/html_21/?run=FieldByNPDID&NPDID=4380167,06.10.2016,09.03.2018,20.02.2019
VOLVE,,Shut down, 15/9-19 SR,29.04.1993,North sea,,,Dusavik,,3420717,2105,,http://factpages.npd.no/FactPages/default.aspx?nav1=field&nav2=PageView|All&nav3=3420717,http://gis.npd.no/factmaps/html_21/?run=FieldByNPDID&NPDID=3420717,12.01.2018,09.03.2018,20.02.2019
YME,Repsol Norge AS,Approved for production, 9/2-1,28.04.1987,North sea,PRODUCTION LICENSE,316,,2786469,43807,1038,27052812,http://factpages.npd.no/FactPages/default.aspx?nav1=field&nav2=PageView|All&nav3=43807,http://gis.npd.no/factmaps/html_21/?run=FieldByNPDID&NPDID=43807,15.01.2019,15.01.2019,20.02.2019
YTTERGRYTA,Equinor Energy AS,Shut down, 6507/11-8,03.07.2007,Norwegian sea,PRODUCTION LICENSE,062,,21292,4973114,5562,32011216,http://factpages.npd.no/FactPages/default.aspx?nav1=field&nav2=PageView|All&nav3=4973114,http://gis.npd.no/factmaps/html_21/?run=FieldByNPDID&NPDID=4973114,18.05.2018,11.12.2018,20.02.2019
ÆRFUGL,Aker BP ASA,Approved for production, 6507/5-3,23.06.2000,Norwegian sea,BUSINESS ARRANGEMENT AREA,SKARV UNIT,Sandnessjøen,4468539,33310197,4059,28544099,http://factpages.npd.no/FactPages/default.aspx?nav1=field&nav2=PageView|All&nav3=33310197,http://gis.npd.no/factmaps/html_21/?run=FieldByNPDID&NPDID=33310197,26.01.2019,26.01.2019,20.02.2019
ØST FRIGG,Aker BP ASA,Shut down, 25/2-1,21.09.1973,North sea,PRODUCTION LICENSE,873,,28973585,43576,353,28544099,http://factpages.npd.no/FactPages/default.aspx?nav1=field&nav2=PageView|All&nav3=43576,http://gis.npd.no/factmaps/html_21/?run=FieldByNPDID&NPDID=43576,21.11.2018,21.11.2018,20.02.2019
ÅSGARD,Equinor Energy AS,Producing, 6507/11-1,10.12.1981,Norwegian sea,BUSINESS ARRANGEMENT AREA,ÅSGARD UNIT,Kristiansund,40564,43765,68,32011216,http://factpages.npd.no/FactPages/default.aspx?nav1=field&nav2=PageView|All&nav3=43765,http://gis.npd.no/factmaps/html_21/?run=FieldByNPDID&NPDID=43765,18.05.2018,11.12.2018,20.02.2019
AASTA HANSTEEN,Equinor Energy AS,Producing, 6707/10-1,23.07.1997,Norwegian sea,PRODUCTION LICENSE,218,Sandnessjøen,22556,23395946,3075,32011216,http://factpages.npd.no/FactPages/default.aspx?nav1=field&nav2=PageView|All&nav3=23395946,http://gis.npd.no/factmaps/html_21/?run=FieldByNPDID&NPDID=23395946,18.12.2018,18.12.2018,20.02.2019

